{"cameraMode":{"drawMode":0,"name":"Shaded","section":"Shading Mode"},"sceneLighting":false,"audioPlay":false,"sceneViewState":{"showFog":true,"showMaterialUpdate":false,"showSkybox":true,"showFlares":true,"showImageEffects":true,"showParticleSystems":true},"in2DMode":false,"pivot":{"x":4.862229347229004,"y":6.0841264724731449,"z":-1.3663266897201539},"rotation":{"x":0.11798814684152603,"y":-0.6986165642738342,"z":0.11848486959934235,"w":0.6956831216812134},"size":7.133813858032227,"orthographic":false}