{"cameraMode":{"drawMode":0,"name":"Shaded","section":"Shading Mode"},"sceneLighting":true,"audioPlay":false,"sceneViewState":{"showFog":true,"showMaterialUpdate":false,"showSkybox":true,"showFlares":true,"showImageEffects":true,"showParticleSystems":true},"in2DMode":false,"pivot":{"x":4.143449783325195,"y":4.107970714569092,"z":5.517873764038086},"rotation":{"x":-0.10039561986923218,"y":0.06918811798095703,"z":-0.006998520810157061,"w":-0.9925143718719482},"size":24.117137908935548,"orthographic":false}