{"cameraMode":{"drawMode":0,"name":"Shaded","section":"Shading Mode"},"sceneLighting":true,"audioPlay":false,"sceneViewState":{"showFog":true,"showMaterialUpdate":false,"showSkybox":true,"showFlares":true,"showImageEffects":true,"showParticleSystems":true},"in2DMode":false,"pivot":{"x":7.574908256530762,"y":4.015146732330322,"z":14.618379592895508},"rotation":{"x":-0.39256876707077029,"y":0.03916054964065552,"z":-0.016732782125473024,"w":-0.9187362790107727},"size":56.99457931518555,"orthographic":false}