{"cameraMode":{"drawMode":0,"name":"Shaded","section":"Shading Mode"},"sceneLighting":true,"audioPlay":false,"sceneViewState":{"showFog":true,"showMaterialUpdate":false,"showSkybox":true,"showFlares":true,"showImageEffects":true,"showParticleSystems":true},"in2DMode":false,"pivot":{"x":7.602407932281494,"y":-1.3110389709472657,"z":8.858905792236329},"rotation":{"x":0.2069540172815323,"y":0.019076187163591386,"z":-0.004036125261336565,"w":0.9781563878059387},"size":28.745973587036134,"orthographic":false}