{"cameraMode":{"drawMode":2,"name":"Shaded Wireframe","section":"Shading Mode"},"sceneLighting":true,"audioPlay":false,"sceneViewState":{"showFog":true,"showMaterialUpdate":false,"showSkybox":true,"showFlares":true,"showImageEffects":true,"showParticleSystems":true},"in2DMode":false,"pivot":{"x":6.998641490936279,"y":3.9057445526123049,"z":11.176848411560059},"rotation":{"x":0.22310611605644227,"y":-0.0029246523045003416,"z":0.0006693138275295496,"w":0.974789559841156},"size":28.745973587036134,"orthographic":false}